[{"user_id": "7pIUGJ224G589mfGZaUJmg", "friends": ["CvUbB1TxiBXq4NPCKmmL3g", "67_HTBMewJrk5H9uUmfIrQ", "aMk8ame2hT9IJbeUNgTbQw", "_3svKG4SAV4YMvl9p7iHLg"]}, {"user_id": "KLgBbAHOWumaXjEQwUDpmA", "friends": ["GV4zpumMlIENZNN-Vz5LGg", "ZWD8UH1T7QXQr0Eq-mcWYg", "hBNkrO0XeRpiIA9Ft0eg3g"]}, {"user_id": "vNx3FrO1zRkXTKGkypcDEA", "friends": ["gMNsz8pM0aEF0tpX6UI9og", "Gia44mwpBA1OMaDGGGDp9w", "5qr4Mg3VDST_13pzGNiEzA"]}, {"user_id": "CX3zVZCP6_TO9c-AHkDG0Q", "friends": ["be8hFRSzakhqt37ojP308g", "OXcPA1D29hhsD1LizJFY-A", "vSPFyA7tTCXlgsn6Cf-G5A", "6bqYJdaf2DpRVlmYutLfDw", "6pwVH0a1iKN3nxRDRrEvKg"]}, {"user_id": "_6CTDWsw4Fdr6R9ZzKvLZQ", "friends": ["eEgeuz6Gg12HZkFZTfbb8A", "crsofThakzXFjJLr9q1mWQ", "WeVkkF5L39888IPPlRhNpg", "CQ67NJigSe5-uBDX3b_CUw"]}, {"user_id": "a7QBKnU1ygMoxFmJKoiR3g", "friends": ["NChoafiEzwQ7YmH4_zkRXQ", "r0-7mgzZL4Me3Pc903KRcg", "14MwjyfuzoQOdwXlnUgsKw", "e6iCOIhtupBCiw-VwBvJ4A"]}, {"user_id": "V0b6qQt_mF21xg_--BFw5Q", "friends": ["FtiWTklEUa-w1lQpBB6-XA"]}, {"user_id": "dMtkqy7SpggEFAGFkCbyDQ", "friends": ["1GMARV8H68WPPlP9dblwvQ", "qv1pdQfv1xKj2MZNkR32lQ", "PNK243RqZRHWHNCWpoqigw", "2jsF8rVMiPw4C908tj04BQ", "sxy4SK2nr8rFvcfMRsqM2Q"]}, {"user_id": "PA2MNztWmRx9JBvbz9wd4A", "friends": ["rL8CaZKnhIlilwUjb8yJIw"]}, {"user_id": "RdGxKWUqrkqmnSEhzBgiig", "friends": ["CyOjizbfMb2hxkLIwE76Ow", "SkWtSYepLxr00LFTevIrAA", "G9JMNGUMSzWjf8SgMuP8XA", "KYpkZqDaFbAdoLLUePstFg"]}]